{
  "config": {
    "model_name": "distilbert-base-uncased",
    "task": "sst2",
    "rank": 16,
    "alphas_tested": [
      8,
      16,
      32
    ],
    "num_epochs": 1
  },
  "results": [
    {
      "rank": 16,
      "alpha": 8,
      "alpha_ratio": 0.5,
      "final_accuracy": 0.6,
      "avg_effective_rank": 9.098482777013647,
      "rank_utilization": 0.5686551735633529,
      "loss_variance": 0.0005838696379214525,
      "max_loss_spike": 0.045930683612823486,
      "gradient_norm_mean": 0.8963905409491272,
      "gradient_norm_std": 0.3538106381893158,
      "steps_to_90pct": 18
    },
    {
      "rank": 16,
      "alpha": 16,
      "alpha_ratio": 1.0,
      "final_accuracy": 0.778,
      "avg_effective_rank": 9.622149975630345,
      "rank_utilization": 0.6013843734768965,
      "loss_variance": 0.00040345214074477553,
      "max_loss_spike": 0.05397897958755493,
      "gradient_norm_mean": 1.0469629480863747,
      "gradient_norm_std": 0.5045709609985352,
      "steps_to_90pct": 30
    },
    {
      "rank": 16,
      "alpha": 32,
      "alpha_ratio": 2.0,
      "final_accuracy": 0.68,
      "avg_effective_rank": 9.176979638107047,
      "rank_utilization": 0.5735612273816905,
      "loss_variance": 0.0009978044545277953,
      "max_loss_spike": 0.1211506724357605,
      "gradient_norm_mean": 0.8715877761045747,
      "gradient_norm_std": 0.28763872385025024,
      "steps_to_90pct": 30
    }
  ]
}