{
  "steps": [
    25
  ],
  "utilization": [
    0.615540417679834
  ],
  "loss": [
    0.6786653995513916
  ]
}